,DOCUMENT NUMBER,REQUISITION NUMBER,INPUT DATE,DEPARTMENT NAME,COST CENTER NAME,TOTAL ITEMS,ITEM NUMBER,ITEM QUANTITY ORDERED,ITEM UNIT OF MEASURE,ITEM UNIT COST,ITEM TOTAL COST
0,19007185,12310,10/08/2019,BUSINESS OPS,WAREHOUSE,1,7,12.0,EACH,3.0,36.0
1,22006802,10215,08/29/2022,BUSINESS OPS,WAREHOUSE,1,11,6.0,PAIR,17.88,107.28
2,18006137,10829,07/09/2018,BUSINESS OPS,WAREHOUSE,1,1,42.0,EACH,67.75,2845.5
3,21006683,10056,08/06/2021,BUSINESS OPS,WAREHOUSE,1,2,300.0,EACH,7.15,2143.75
4,23007415,10987,10/10/2023,BUSINESS OPS,WAREHOUSE,1,3,48.0,EACH,6.28,301.5
5,24002310,3484,03/20/2024,BUSINESS OPS,WAREHOUSE,1,1,18.0,EACH,17.36,312.48
6,19005322,9420,07/22/2019,BUSINESS OPS,WAREHOUSE,1,2,1.0,EACH,149.4,149.4
7,18000782,1533,01/31/2018,BUSINESS OPS,WAREHOUSE,1,1,24.0,EACH,16.5,396.0
8,19001255,2650,02/15/2019,BUSINESS OPS,WAREHOUSE,1,1,1.0,EACH,282.71,282.71
9,19002048,4048,03/14/2019,BUSINESS OPS,WAREHOUSE,1,1,40.0,EACH,6.24,249.6
10,20004450,7816,07/21/2020,BUSINESS OPS,WAREHOUSE,1,5,6.0,EACH,9.44,56.64
11,20004497,7877,07/23/2020,BUSINESS OPS,WAREHOUSE,1,6,12.0,EACH,47.4,568.8
12,21007534,11217,09/10/2021,BUSINESS OPS,WAREHOUSE,1,1,12.0,EACH,77.89,934.68
13,19006581,11436,09/13/2019,BUSINESS OPS,WAREHOUSE,1,1,12.0,EACH,28.99,347.88
14,20005108,8908,08/18/2020,BUSINESS OPS,WAREHOUSE,1,1,80.0,GALLON,27.48,2198.4
15,21009664,14244,11/16/2021,BUSINESS OPS,WAREHOUSE,1,2,18.0,PAIR,86.86,1563.48
16,22007113,10748,09/09/2022,BUSINESS OPS,WAREHOUSE,1,1,78.0,TON,61.83,4822.94
17,20001662,3131,03/11/2020,BUSINESS OPS,WAREHOUSE,1,1,24.0,EACH,37.05,889.2
18,21007068,10571,08/19/2021,BUSINESS OPS,WAREHOUSE,1,2,4.0,EACH,24.17,96.68
19,19000885,2026,02/04/2019,BUSINESS OPS,WAREHOUSE,1,5,20.0,EACH,60.93,1218.6
20,20001662,3131,03/11/2020,BUSINESS OPS,WAREHOUSE,1,2,96.0,EACH,8.3,796.8
21,23008385,12239,11/14/2023,BUSINESS OPS,WAREHOUSE,1,2,1.0,BOX,29.0,29.0
22,19007372,12588,10/16/2019,BUSINESS OPS,WAREHOUSE,1,1,24.0,EACH,22.0,528.0
23,19007594,13051,10/28/2019,BUSINESS OPS,WAREHOUSE,1,2,80.0,CASE,19.28,1542.4
24,20006639,11195,10/02/2020,BUSINESS OPS,WAREHOUSE,1,5,56.0,EACH,8.49,475.56
25,17000630,1194,10/23/2017,BUSINESS OPS,WAREHOUSE,1,1,200.0,YARD,44.85,8970.0
26,18006609,11559,07/23/2018,BUSINESS OPS,WAREHOUSE,1,8,12.0,EACH,4.67,56.04
27,22007970,11925,10/07/2022,BUSINESS OPS,WAREHOUSE,1,9,2.0,EACH,11.0,22.0
28,19007890,13489,11/06/2019,BUSINESS OPS,WAREHOUSE,1,3,60.0,EACH,10.35,621.0
29,21008400,12448,10/07/2021,BUSINESS OPS,WAREHOUSE,1,2,6.0,PAIR,15.75,94.5
30,18009601,16294,10/30/2018,BUSINESS OPS,WAREHOUSE,1,1,18.0,EACH,98.96,1781.28
31,20006289,10657,09/24/2020,BUSINESS OPS,WAREHOUSE,1,5,24.0,EACH,13.2,316.8
32,18005718,10135,06/22/2018,BUSINESS OPS,WAREHOUSE,1,3,3.0,EACH,497.69,1493.07
33,22002501,3975,03/21/2022,BUSINESS OPS,WAREHOUSE,1,1,144.0,EACH,11.48,1652.88
34,22000098,351,01/10/2022,BUSINESS OPS,WAREHOUSE,1,2,160.0,EACH,6.74,1078.2
35,22004562,6497,06/06/2022,BUSINESS OPS,WAREHOUSE,1,2,12.0,EACH,223.56,2682.72
36,20000843,1608,02/05/2020,BUSINESS OPS,WAREHOUSE,1,3,6.0,PAIR,15.75,94.5
37,19001016,2335,02/07/2019,BUSINESS OPS,WAREHOUSE,1,6,6.0,EACH,15.75,94.5
38,18007427,12996,08/17/2018,BUSINESS OPS,WAREHOUSE,1,2,100.0,EACH,12.8,1280.0
39,21009844,14589,11/23/2021,BUSINESS OPS,WAREHOUSE,1,1,12.0,CASE,21.95,263.4
40,21005931,8908,07/13/2021,BUSINESS OPS,WAREHOUSE,1,3,1.0,EACH,192.8,192.8
41,19005025,8913,07/10/2019,BUSINESS OPS,WAREHOUSE,1,3,1200.0,LINEAR FT,0.05,60.0
42,18005214,9339,06/07/2018,BUSINESS OPS,WAREHOUSE,1,5,6.0,EACH,69.89,419.34
43,22008910,13256,11/09/2022,BUSINESS OPS,WAREHOUSE,1,1,80.0,TON,62.47,4997.54
44,18009471,16239,10/25/2018,BUSINESS OPS,WAREHOUSE,1,2,30.0,EACH,23.5,705.0
45,18007602,13183,08/22/2018,BUSINESS OPS,WAREHOUSE,1,4,10.0,BOX,6.89,68.9
46,23008116,11937,11/02/2023,BUSINESS OPS,WAREHOUSE,1,1,60.0,EACH,12.0,720.0
47,18009645,16536,10/31/2018,BUSINESS OPS,WAREHOUSE,1,7,10.0,EACH,16.68,166.8
48,19003657,6522,05/13/2019,BUSINESS OPS,WAREHOUSE,1,2,4.0,EACH,97.5,390.0
49,20006639,11195,10/02/2020,BUSINESS OPS,WAREHOUSE,1,6,36.0,EACH,2.54,91.44
50,23007415,10987,10/10/2023,BUSINESS OPS,WAREHOUSE,1,2,3.0,EACH,67.5,202.5
51,22007601,11356,09/26/2022,BUSINESS OPS,WAREHOUSE,1,1,78.0,TON,61.83,4822.94
52,21003275,5076,04/14/2021,BUSINESS OPS,WAREHOUSE,1,4,6.0,EACH,15.55,93.3
53,20006294,10662,09/24/2020,BUSINESS OPS,WAREHOUSE,1,2,48.0,EACH,7.44,356.95
54,18001047,2127,02/08/2018,BUSINESS OPS,WAREHOUSE,1,1,1.0,EACH,169.0,169.0
55,20007559,12563,10/29/2020,BUSINESS OPS,WAREHOUSE,1,1,30.0,BOX,24.75,742.5
56,21008396,12429,10/07/2021,BUSINESS OPS,WAREHOUSE,1,1,110.0,BOX,45.0,4950.0
57,18001700,2471,02/27/2018,ENV SERV,SEWER-WWT-SOUTH PLANT,1,1,192.0,EACH,14.38,2760.96
58,20001386,2628,02/28/2020,BUSINESS OPS,WAREHOUSE,1,2,160.0,CASE,8.99,1438.4
59,19006025,10639,08/21/2019,BUSINESS OPS,WAREHOUSE,1,2,8.0,BUNDLE,79.0,632.0
60,20005192,9072,08/21/2020,BUSINESS OPS,WAREHOUSE,1,1,72.0,EACH,45.0,3240.0
61,22002265,3744,03/16/2022,BUSINESS OPS,WAREHOUSE,1,3,210.0,SACK,12.99,2727.9
62,19003643,6584,05/13/2019,BUSINESS OPS,WAREHOUSE,1,3,1.0,EACH,195.0,195.0
63,19008002,13727,11/14/2019,BUSINESS OPS,WAREHOUSE,1,2,60.0,EACH,4.29,257.4
64,18006669,11713,07/25/2018,BUSINESS OPS,WAREHOUSE,1,1,140.0,BOX,6.89,964.6
65,23007507,11121,10/12/2023,BUSINESS OPS,WAREHOUSE,1,2,48.0,EACH,10.47,502.56
66,23007507,11121,10/12/2023,BUSINESS OPS,WAREHOUSE,1,3,84.0,EACH,5.05,424.2
67,19005028,8894,07/10/2019,BUSINESS OPS,WAREHOUSE,1,3,1920.0,EACH,0.37,710.4
68,22007970,11925,10/07/2022,BUSINESS OPS,WAREHOUSE,1,3,60.0,EACH,4.29,257.4
69,21001720,2790,02/26/2021,BUSINESS OPS,WAREHOUSE,1,2,12.0,EACH,13.5,162.0
70,18009009,15494,10/10/2018,BUSINESS OPS,WAREHOUSE,1,1,60.0,EACH,6.57,393.9
71,18002880,5614,03/27/2018,BUSINESS OPS,WAREHOUSE,1,8,120.0,EACH,4.02,482.4
72,20007567,12612,10/29/2020,BUSINESS OPS,WAREHOUSE,1,1,60.0,EACH,10.34,620.25
73,22008118,12131,10/13/2022,BUSINESS OPS,WAREHOUSE,1,4,10.0,EACH,5.39,53.9
74,17000629,1176,10/23/2017,BUSINESS OPS,WAREHOUSE,1,1,100.0,YARD,44.85,4485.0
75,22007397,11101,09/19/2022,BUSINESS OPS,WAREHOUSE,1,1,78.0,TON,61.83,4822.94
76,18009550,16370,10/29/2018,BUSINESS OPS,WAREHOUSE,1,1,504.0,BAG,3.81,1918.8
77,18003122,6005,04/05/2018,BUSINESS OPS,WAREHOUSE,1,1,12.0,EACH,49.28,591.36
78,18006017,10639,07/03/2018,BUSINESS OPS,WAREHOUSE,1,2,12.0,EACH,4.99,59.88
79,21007471,11117,09/09/2021,BUSINESS OPS,WAREHOUSE,1,5,12.0,EACH,30.12,361.44
80,20006018,10300,09/17/2020,BUSINESS OPS,WAREHOUSE,1,1,48.0,EACH,32.85,1576.8
81,19000526,1316,01/22/2019,BUSINESS OPS,WAREHOUSE,1,6,40.0,CASE,12.34,493.5
82,23003734,5722,05/16/2023,BUSINESS OPS,WAREHOUSE,1,1,4.0,EACH,155.0,620.0
83,20003255,5816,06/02/2020,BUSINESS OPS,WAREHOUSE,1,1,200.0,CUBIC YARD,11.0,2200.0
84,19005833,10273,08/12/2019,BUSINESS OPS,WAREHOUSE,1,1,50.0,BOX,21.61,1080.7
85,22002090,3429,03/10/2022,BUSINESS OPS,WAREHOUSE,1,1,252.0,SACK,3.99,1005.48
86,19004247,7571,06/10/2019,BUSINESS OPS,WAREHOUSE,1,1,12.0,EACH,15.75,189.0
87,19003153,5814,04/24/2019,BUSINESS OPS,WAREHOUSE,1,1,1.0,EACH,179.55,179.55
88,21002679,4166,03/24/2021,BUSINESS OPS,WAREHOUSE,1,1,10.0,EACH,30.31,303.1
89,20005353,9315,08/28/2020,BUSINESS OPS,WAREHOUSE,1,4,4.0,EACH,36.45,145.8
90,17001479,3063,11/28/2017,BUSINESS OPS,WAREHOUSE,1,4,10.0,EACH,42.0,420.0
91,19000420,1149,01/17/2019,BUSINESS OPS,WAREHOUSE,1,4,5.0,EACH,17.99,89.95
92,23007604,11137,10/17/2023,BUSINESS OPS,WAREHOUSE,1,2,4.0,EACH,26.43,105.72
93,20001071,2065,02/13/2020,BUSINESS OPS,WAREHOUSE,1,1,72.0,EACH,5.33,383.76
94,19007920,13525,11/08/2019,BUSINESS OPS,WAREHOUSE,1,3,72.0,EACH,4.5,323.94
95,21000319,703,01/13/2021,BUSINESS OPS,WAREHOUSE,1,1,12.0,EACH,215.0,2580.0
96,21001420,2412,02/17/2021,BUSINESS OPS,WAREHOUSE,1,2,160.0,CASE,8.99,1438.4
97,18005765,10209,06/25/2018,BUSINESS OPS,WAREHOUSE,1,2,24.0,EACH,13.0,312.0
98,18009277,15888,10/18/2018,BUSINESS OPS,WAREHOUSE,1,1,24.0,EACH,2.99,71.76
99,19000845,1944,02/01/2019,BUSINESS OPS,WAREHOUSE,1,1,180.0,EACH,4.49,808.5
100,17001296,2712,11/16/2017,BUSINESS OPS,WAREHOUSE,1,2,72.0,EACH,16.15,1163.1
101,21008825,13072,10/20/2021,BUSINESS OPS,WAREHOUSE,1,6,10.0,EACH,14.0,140.0
102,19001508,3316,02/26/2019,BUSINESS OPS,WAREHOUSE,1,1,8.0,EACH,42.1,336.8
103,22000368,865,01/18/2022,BUSINESS OPS,WAREHOUSE,1,1,100.0,EACH,19.98,1998.0
104,20001000,2023,02/12/2020,BUSINESS OPS,WAREHOUSE,1,2,10.0,EACH,29.0,290.0
105,19004651,8363,06/25/2019,BUSINESS OPS,WAREHOUSE,1,3,50.0,CASE,38.73,1936.5
106,19007057,12089,10/01/2019,BUSINESS OPS,WAREHOUSE,1,1,10.0,EACH,18.99,189.9
107,17000518,1190,10/18/2017,BUSINESS OPS,WAREHOUSE,1,4,240.0,EACH,0.46,110.4
108,19005191,9202,07/17/2019,BUSINESS OPS,WAREHOUSE,1,1,6.0,EACH,269.0,1614.0
109,20004498,7882,07/23/2020,BUSINESS OPS,WAREHOUSE,1,3,12.0,EACH,77.89,934.68
110,20001976,3667,03/19/2020,BUSINESS OPS,WAREHOUSE,1,7,2.0,EACH,42.91,85.82
111,19003452,6294,05/06/2019,BUSINESS OPS,WAREHOUSE,1,6,10.0,EACH,1.22,12.16
112,23007604,11137,10/17/2023,BUSINESS OPS,WAREHOUSE,1,1,24.0,ROLLS,1.63,39.12
113,18007195,12572,08/09/2018,BUSINESS OPS,WAREHOUSE,1,1,20.0,EACH,23.95,479.0
114,18006843,12049,07/30/2018,BUSINESS OPS,WAREHOUSE,1,2,60.0,EACH,4.88,292.8
115,22009256,13763,11/30/2022,BUSINESS OPS,WAREHOUSE,1,1,90.0,TON,50.0,4500.0
116,18006558,11497,07/20/2018,BUSINESS OPS,WAREHOUSE,1,2,6.0,EACH,497.69,2986.14
117,21003697,5658,04/26/2021,BUSINESS OPS,WAREHOUSE,1,1,4.0,PAIR,75.08,300.32
118,19006908,11870,09/24/2019,BUSINESS OPS,WAREHOUSE,1,2,4.0,EACH,111.83,447.3
119,22000579,1261,01/26/2022,BUSINESS OPS,WAREHOUSE,1,5,12.0,EACH,18.75,225.0
120,17000817,1242,10/27/2017,BUSINESS OPS,WAREHOUSE,1,1,48.0,EACH,13.0,624.0
121,19004832,8569,07/01/2019,BUSINESS OPS,WAREHOUSE,1,5,1.0,EACH,121.24,121.24
122,18004724,8652,05/23/2018,BUSINESS OPS,WAREHOUSE,1,2,12.0,EACH,8.49,101.88
123,18005214,9339,06/07/2018,BUSINESS OPS,WAREHOUSE,1,7,6.0,EACH,67.58,405.48
124,21006003,9050,07/15/2021,BUSINESS OPS,WAREHOUSE,1,5,6.0,EACH,17.39,104.34
125,22002397,3795,03/17/2022,BUSINESS OPS,WAREHOUSE,1,2,8.0,EACH,31.64,253.12
126,24003833,5517,05/14/2024,BUSINESS OPS,WAREHOUSE,1,2,4.0,EACH,19.2,76.8
127,19001011,2362,02/07/2019,BUSINESS OPS,WAREHOUSE,1,2,216.0,CASE,5.68,1226.64
128,19001215,2747,02/14/2019,BUSINESS OPS,WAREHOUSE,1,2,48.0,EACH,11.53,553.44
129,21002996,4698,04/05/2021,BUSINESS OPS,WAREHOUSE,1,2,96.0,EACH,7.44,713.9
130,20005273,9186,08/25/2020,BUSINESS OPS,WAREHOUSE,1,1,700.0,CUBIC YARD,11.0,7700.0
131,20001983,3686,03/19/2020,BUSINESS OPS,WAREHOUSE,1,2,6.0,EACH,41.26,247.56
132,20001307,2492,02/24/2020,BUSINESS OPS,WAREHOUSE,1,11,6.0,EACH,72.88,437.28
133,20001348,2507,02/27/2020,BUSINESS OPS,WAREHOUSE,1,1,5.0,EACH,55.0,275.0
134,23007415,10987,10/10/2023,BUSINESS OPS,WAREHOUSE,1,1,4.0,CASE,72.89,291.56
135,19004465,8048,06/18/2019,BUSINESS OPS,WAREHOUSE,1,1,36.0,EACH,10.35,372.6
136,18009354,16056,10/22/2018,BUSINESS OPS,WAREHOUSE,1,4,5.0,EACH,488.65,2443.25
137,21007056,10558,08/19/2021,BUSINESS OPS,WAREHOUSE,1,6,12.0,EACH,8.98,107.76
138,18004524,8219,05/16/2018,BUSINESS OPS,WAREHOUSE,1,1,4.0,EACH,12.59,50.36
139,19004300,7748,06/11/2019,BUSINESS OPS,WAREHOUSE,1,1,8.0,EACH,97.42,779.36
140,19007461,12762,10/21/2019,BUSINESS OPS,WAREHOUSE,1,1,588.0,EACH,3.52,2069.76
141,19003084,5691,04/22/2019,BUSINESS OPS,WAREHOUSE,1,6,2.0,EACH,13.16,26.32
142,21001602,2637,02/23/2021,BUSINESS OPS,WAREHOUSE,1,5,4.0,EACH,10.12,40.48
143,21000200,524,01/11/2021,BUSINESS OPS,WAREHOUSE,1,1,10.0,EACH,25.17,251.7
144,21003300,5172,04/14/2021,BUSINESS OPS,WAREHOUSE,1,6,6.0,PAIR,15.75,94.5
145,19008297,14118,12/02/2019,BUSINESS OPS,WAREHOUSE,1,1,24.0,EACH,22.0,528.0
146,23001670,2706,02/27/2023,BUSINESS OPS,WAREHOUSE,1,2,24.0,EACH,12.57,301.68
147,22008630,12867,11/01/2022,BUSINESS OPS,WAREHOUSE,1,6,1.0,EACH,29.0,29.0
148,20001781,3337,03/13/2020,BUSINESS OPS,WAREHOUSE,1,14,8.0,EACH,7.26,58.08
149,20002884,5172,05/14/2020,BUSINESS OPS,WAREHOUSE,1,6,4.0,EACH,32.63,130.52
150,21002789,4347,03/29/2021,BUSINESS OPS,WAREHOUSE,1,1,6.0,PAIR,15.75,94.5
151,19006057,10649,08/21/2019,BUSINESS OPS,WAREHOUSE,1,2,24.0,EACH,6.68,160.2
152,20000599,1358,01/28/2020,BUSINESS OPS,WAREHOUSE,1,1,432.0,EACH,6.66,2878.2
153,19000691,1576,01/28/2019,BUSINESS OPS,WAREHOUSE,1,2,108.0,CUBIC YARD,31.0,3348.0
154,18008205,14189,09/11/2018,BUSINESS OPS,WAREHOUSE,1,1,400.0,CUBIC YARD,11.0,4400.0
155,20005600,9641,09/03/2020,BUSINESS OPS,WAREHOUSE,1,6,12.0,EACH,25.79,309.48
156,18003250,6205,04/10/2018,BUSINESS OPS,WAREHOUSE,1,1,18.0,EACH,21.5,387.0
157,22003559,5530,04/29/2022,BUSINESS OPS,WAREHOUSE,1,1,8.0,EACH,582.4,4659.2
158,18003967,5462,04/27/2018,BUSINESS OPS,WAREHOUSE,1,2,400.0,EACH,13.09,5236.0
159,20000020,160,01/03/2020,BUSINESS OPS,WAREHOUSE,1,1,80.0,BOX,21.61,1729.12
160,18001669,3582,02/27/2018,BUSINESS OPS,WAREHOUSE,1,4,36.0,EACH,12.07,434.52
161,18008263,14287,09/12/2018,BUSINESS OPS,WAREHOUSE,1,3,24.0,EACH,10.61,254.64
162,23002866,4428,04/12/2023,BUSINESS OPS,WAREHOUSE,1,3,36.0,EACH,12.57,452.49
163,20009089,14733,12/22/2020,BUSINESS OPS,WAREHOUSE,1,2,24.0,EACH,12.5,300.0
164,23006902,10211,09/20/2023,BUSINESS OPS,WAREHOUSE,1,8,4.0,EACH,42.26,169.04
165,21006003,9050,07/15/2021,BUSINESS OPS,WAREHOUSE,1,2,24.0,EACH,2.69,64.56
166,20000092,317,01/07/2020,BUSINESS OPS,WAREHOUSE,1,4,4.0,EACH,11.24,44.96
167,18006635,11677,07/24/2018,BUSINESS OPS,WAREHOUSE,1,10,12.0,EACH,6.64,79.68
168,18005508,9854,06/15/2018,BUSINESS OPS,WAREHOUSE,1,1,150.0,EACH,29.28,4392.0
169,20008359,13704,11/23/2020,BUSINESS OPS,WAREHOUSE,1,1,1.0,EACH,210.89,210.89
170,19005155,9127,07/16/2019,BUSINESS OPS,WAREHOUSE,1,1,12.0,EACH,10.76,129.12
171,22005165,7832,06/29/2022,BUSINESS OPS,WAREHOUSE,1,1,24.0,EACH,14.02,336.55
172,17001365,2823,11/20/2017,BUSINESS OPS,WAREHOUSE,1,1,90.0,BOX,6.89,620.1
173,20002843,5118,05/13/2020,BUSINESS OPS,WAREHOUSE,1,1,72.0,EACH,4.25,306.0
174,19005785,10223,08/08/2019,BUSINESS OPS,WAREHOUSE,1,1,1920.0,EACH,0.54,1036.8
175,20005911,10124,09/15/2020,BUSINESS OPS,WAREHOUSE,1,1,24.0,EACH,50.85,1220.4
176,19005220,9256,07/17/2019,BUSINESS OPS,WAREHOUSE,1,6,5.0,EACH,1.75,8.75
177,21003484,5389,04/19/2021,BUSINESS OPS,WAREHOUSE,1,1,2.0,EACH,75.89,151.78
178,23003581,5398,05/09/2023,BUSINESS OPS,WAREHOUSE,1,1,12.0,EACH,17.0,204.0
179,25003470,4859,05/13/2025,BUSINESS OPS,WAREHOUSE,1,1,84.0,EACH,57.5,4830.0
180,22008111,12124,10/12/2022,BUSINESS OPS,WAREHOUSE,1,5,2.0,CASE,18.95,37.9
181,23005633,8614,08/09/2023,BUSINESS OPS,WAREHOUSE,1,2,16.0,EACH,5.95,95.2
182,18003714,6917,04/23/2018,BUSINESS OPS,WAREHOUSE,1,1,15.0,EACH,20.0,300.0
183,21003014,4709,04/05/2021,BUSINESS OPS,WAREHOUSE,1,3,49.0,CASE,14.6,715.4
184,23007594,11259,10/17/2023,BUSINESS OPS,WAREHOUSE,1,1,72.0,CASE,50.61,3643.92
185,17000240,585,10/12/2017,BUSINESS OPS,WAREHOUSE,1,3,216.0,EACH,5.04,1088.38
186,18009585,16447,10/30/2018,BUSINESS OPS,WAREHOUSE,1,2,3.0,PALLET,191.1,573.3
187,19000907,2080,02/04/2019,BUSINESS OPS,WAREHOUSE,1,2,20.0,EACH,1.41,28.2
188,22007092,10704,09/09/2022,BUSINESS OPS,WAREHOUSE,1,2,30.0,EACH,35.73,1071.85
189,18001669,3582,02/27/2018,BUSINESS OPS,WAREHOUSE,1,3,36.0,EACH,9.0,324.0
190,23006902,10211,09/20/2023,BUSINESS OPS,WAREHOUSE,1,5,4.0,EACH,28.01,112.04
191,19003734,6724,05/15/2019,BUSINESS OPS,WAREHOUSE,1,1,400.0,EACH,2.34,936.0
192,24007006,9828,09/13/2024,BUSINESS OPS,WAREHOUSE,1,1,200.0,EACH,18.91,3782.0
193,20002972,5366,05/20/2020,BUSINESS OPS,WAREHOUSE,1,1,5.0,EACH,26.97,134.85
194,20009079,14726,12/22/2020,BUSINESS OPS,WAREHOUSE,1,1,105.0,TON,36.0,3780.0
195,18005282,9502,06/11/2018,BUSINESS OPS,WAREHOUSE,1,3,60.0,EACH,5.17,310.2
196,22001536,2767,02/22/2022,BUSINESS OPS,WAREHOUSE,1,1,140.0,CUBIC YARD,12.0,1680.0
197,23007507,11121,10/12/2023,BUSINESS OPS,WAREHOUSE,1,6,60.0,EACH,26.32,1579.19
198,20007402,12258,10/26/2020,BUSINESS OPS,WAREHOUSE,1,4,6.0,EACH,3.99,23.94
199,19001537,3369,02/26/2019,BUSINESS OPS,WAREHOUSE,1,8,48.0,EACH,4.0,192.0
200,21000215,506,01/11/2021,BUSINESS OPS,WAREHOUSE,1,4,10.0,EACH,16.68,166.8
201,20005533,9557,09/02/2020,BUSINESS OPS,WAREHOUSE,1,3,24.0,EACH,4.68,112.32
202,20003347,5992,06/05/2020,BUSINESS OPS,WAREHOUSE,1,1,24.0,EACH,10.25,246.0
203,21004975,7575,06/09/2021,BUSINESS OPS,WAREHOUSE,1,1,1.0,EACH,493.0,493.0
204,17000329,859,10/13/2017,BUSINESS OPS,WAREHOUSE,1,1,1.0,EACH,414.95,414.95
205,22004584,7031,06/07/2022,BUSINESS OPS,WAREHOUSE,1,4,3.0,EACH,19.7,59.1
206,23007507,11121,10/12/2023,BUSINESS OPS,WAREHOUSE,1,1,48.0,EACH,5.05,242.4
207,21002227,3516,03/11/2021,BUSINESS OPS,WAREHOUSE,1,4,12.0,EACH,6.0,72.0
208,21000062,239,01/05/2021,BUSINESS OPS,WAREHOUSE,1,4,72.0,EACH,4.66,335.7
209,19004972,8783,07/08/2019,BUSINESS OPS,WAREHOUSE,1,1,105.0,TON,46.64,4897.2
210,22009716,14382,12/21/2022,BUSINESS OPS,WAREHOUSE,1,1,60.0,EACH,83.2,4992.0
211,21003554,5450,04/21/2021,BUSINESS OPS,WAREHOUSE,1,15,2.0,EACH,8.8,17.6
212,20004781,8344,08/05/2020,BUSINESS OPS,WAREHOUSE,1,6,36.0,EACH,2.05,73.68
213,23007507,11121,10/12/2023,BUSINESS OPS,WAREHOUSE,1,4,12.0,EACH,72.21,866.52
214,19003303,6048,04/30/2019,BUSINESS OPS,WAREHOUSE,1,5,12.0,EACH,71.77,861.24
215,23006054,9091,08/21/2023,BUSINESS OPS,WAREHOUSE,1,1,216.0,BOX,7.96,1719.36
216,23006979,10400,09/25/2023,BUSINESS OPS,WAREHOUSE,1,1,24.0,EACH,123.43,2962.32
217,21000055,226,01/05/2021,BUSINESS OPS,WAREHOUSE,1,1,19.0,EACH,261.63,4970.97
218,18007813,13588,08/29/2018,BUSINESS OPS,WAREHOUSE,1,1,48.0,EACH,17.73,851.2
219,22002123,3528,03/11/2022,BUSINESS OPS,WAREHOUSE,1,3,8.0,EACH,30.45,243.6
220,20006032,10340,09/17/2020,BUSINESS OPS,WAREHOUSE,1,3,2.0,EACH,75.0,150.0
221,21009818,14486,11/22/2021,BUSINESS OPS,WAREHOUSE,1,1,12.0,EACH,61.08,732.98
222,22002542,3993,03/22/2022,BUSINESS OPS,WAREHOUSE,1,1,8.0,EACH,573.0,4584.0
223,22004663,7215,06/13/2022,BUSINESS OPS,WAREHOUSE,1,5,100.0,BOX,20.08,2008.0
224,21006568,9857,08/03/2021,BUSINESS OPS,WAREHOUSE,1,1,50.0,EACH,2.95,147.5
225,21004047,6050,05/05/2021,BUSINESS OPS,WAREHOUSE,1,5,8.0,EACH,77.89,623.12
226,19004197,7491,06/05/2019,BUSINESS OPS,WAREHOUSE,1,2,12.0,EACH,9.25,111.0
227,20001866,3440,03/17/2020,BUSINESS OPS,WAREHOUSE,1,2,40.0,EACH,6.61,264.2
228,21001630,2686,02/24/2021,BUSINESS OPS,WAREHOUSE,1,1,16.0,EACH,18.34,293.44
229,21008279,12272,10/04/2021,BUSINESS OPS,WAREHOUSE,1,1,8.0,EACH,249.99,1999.92
230,22007301,10974,09/14/2022,BUSINESS OPS,WAREHOUSE,1,2,36.0,EACH,4.0,144.0
231,19001538,3374,02/26/2019,BUSINESS OPS,WAREHOUSE,1,1,20.0,CASE,22.0,440.0
232,23006902,10211,09/20/2023,BUSINESS OPS,WAREHOUSE,1,2,2.0,EACH,26.7,53.4
233,19001016,2335,02/07/2019,BUSINESS OPS,WAREHOUSE,1,3,20.0,EACH,6.75,135.0
234,21000247,448,01/12/2021,BUSINESS OPS,WAREHOUSE,1,11,120.0,PAIR,4.02,482.4
235,20006639,11195,10/02/2020,BUSINESS OPS,WAREHOUSE,1,3,72.0,EACH,4.66,335.7
236,21008911,13202,10/22/2021,BUSINESS OPS,WAREHOUSE,1,1,40.0,ROLLS,58.0,2320.0
237,22008250,12358,10/18/2022,BUSINESS OPS,WAREHOUSE,1,2,2.0,EACH,7.2,14.4
238,25002179,3165,03/25/2025,BUSINESS OPS,WAREHOUSE,1,1,588.0,SACK,5.99,3522.12
239,19004478,8088,06/19/2019,BUSINESS OPS,WAREHOUSE,1,1,6.0,EACH,9.0,54.0
240,19000689,1578,01/28/2019,BUSINESS OPS,WAREHOUSE,1,1,100.0,CUBIC YARD,45.75,4575.0
241,19007645,13102,10/29/2019,BUSINESS OPS,WAREHOUSE,1,1,4.0,DRUM,546.45,2185.81
242,18001323,2983,02/20/2018,BUSINESS OPS,WAREHOUSE,1,4,6.0,EACH,15.75,94.5
243,20004976,8748,08/13/2020,BUSINESS OPS,WAREHOUSE,1,3,600.0,EACH,1.64,984.0
244,22000060,295,01/06/2022,BUSINESS OPS,WAREHOUSE,1,1,3.0,EACH,19.46,58.38
245,23002853,4410,04/11/2023,BUSINESS OPS,WAREHOUSE,1,4,126.0,CASE,32.04,4037.04
246,20007006,11762,10/14/2020,BUSINESS OPS,WAREHOUSE,1,5,25.0,EACH,8.1,202.5
247,22003184,4938,04/13/2022,BUSINESS OPS,WAREHOUSE,1,7,10.0,EACH,149.65,1496.5
248,18003225,2788,04/09/2018,BUSINESS OPS,WAREHOUSE,1,10,12.0,EACH,26.07,312.84
249,18005361,9594,06/12/2018,BUSINESS OPS,WAREHOUSE,1,1,72.0,EACH,10.87,782.64
250,21008380,12398,10/06/2021,BUSINESS OPS,WAREHOUSE,1,2,240.0,PAIR,3.94,945.6
251,21006308,9478,07/26/2021,BUSINESS OPS,WAREHOUSE,1,6,5.0,EACH,12.05,60.25
252,19003353,6179,05/02/2019,BUSINESS OPS,WAREHOUSE,1,1,40.0,BUNDLE,15.0,600.0
253,18004218,7786,05/07/2018,BUSINESS OPS,WAREHOUSE,1,3,6.0,EACH,53.1,318.6
254,20002969,5357,05/20/2020,BUSINESS OPS,WAREHOUSE,1,1,96.0,EACH,5.33,511.8
255,18006843,12049,07/30/2018,BUSINESS OPS,WAREHOUSE,1,1,36.0,EACH,46.61,1677.96
256,19001214,2780,02/14/2019,BUSINESS OPS,WAREHOUSE,1,1,120.0,EACH,11.79,1414.8
257,20004954,8681,08/12/2020,BUSINESS OPS,WAREHOUSE,1,1,160.0,EACH,5.33,853.0
258,18004207,7733,05/07/2018,BUSINESS OPS,WAREHOUSE,1,8,2.0,EACH,1.39,2.78
259,20007761,12891,11/03/2020,BUSINESS OPS,WAREHOUSE,1,2,8.0,EACH,10.86,86.88
260,19006633,11471,09/16/2019,BUSINESS OPS,WAREHOUSE,1,1,8.0,EACH,175.0,1400.0
261,22004795,7345,06/15/2022,BUSINESS OPS,WAREHOUSE,1,2,2.0,EACH,24.43,48.86
262,20006484,10987,09/29/2020,BUSINESS OPS,WAREHOUSE,1,1,20.0,EACH,7.7,154.0
263,18006876,12138,07/31/2018,BUSINESS OPS,WAREHOUSE,1,3,96.0,EACH,7.2,691.2
264,23002731,4228,04/05/2023,BUSINESS OPS,WAREHOUSE,1,1,11.0,EACH,24.0,264.0
265,20008302,13602,11/20/2020,BUSINESS OPS,WAREHOUSE,1,2,100.0,PACK,35.0,3500.0
266,23005038,7513,07/07/2023,BUSINESS OPS,WAREHOUSE,1,1,32.0,EACH,3.97,127.04
267,24001218,2003,02/14/2024,BUSINESS OPS,WAREHOUSE,1,2,42.0,CASE,15.15,636.3
268,21004047,6050,05/05/2021,BUSINESS OPS,WAREHOUSE,1,8,6.0,EACH,44.88,269.28
269,24008104,11320,10/21/2024,BUSINESS OPS,WAREHOUSE,1,2,30.0,EACH,105.0,3150.0
270,21001453,2415,02/19/2021,BUSINESS OPS,WAREHOUSE,1,4,60.0,EACH,8.96,537.6
271,23008623,12505,11/28/2023,BUSINESS OPS,WAREHOUSE,1,7,1.0,PAIR,105.07,105.07
272,23002662,4156,04/03/2023,BUSINESS OPS,WAREHOUSE,1,3,3.0,EACH,179.0,537.0
273,20007261,12135,10/21/2020,BUSINESS OPS,WAREHOUSE,1,1,6.0,PAIR,86.86,521.16
274,20001306,2489,02/24/2020,BUSINESS OPS,WAREHOUSE,1,4,6.0,BOX,23.49,140.94
275,18006497,11451,07/19/2018,BUSINESS OPS,WAREHOUSE,1,1,84.0,EACH,4.5,378.0
276,21004289,6551,05/14/2021,BUSINESS OPS,WAREHOUSE,1,1,105.0,TON,36.0,3780.0
277,21002228,3467,03/11/2021,BUSINESS OPS,WAREHOUSE,1,2,48.0,EACH,13.15,631.2
278,19004739,8446,06/27/2019,BUSINESS OPS,WAREHOUSE,1,2,6.0,EACH,161.82,970.92
279,19001508,3316,02/26/2019,BUSINESS OPS,WAREHOUSE,1,4,10.0,EACH,15.3,153.0
280,20004011,6998,07/01/2020,BUSINESS OPS,WAREHOUSE,1,1,4.0,QUART,60.92,243.68
281,21004131,6290,05/10/2021,BUSINESS OPS,WAREHOUSE,1,1,48.0,EACH,10.61,509.4
282,19000576,1358,01/23/2019,BUSINESS OPS,WAREHOUSE,1,6,12.0,EACH,24.88,298.56
283,21001145,2053,02/08/2021,BUSINESS OPS,WAREHOUSE,1,4,80.0,EACH,12.99,1039.2
284,21000629,1255,01/26/2021,BUSINESS OPS,WAREHOUSE,1,2,20.0,EACH,16.5,330.0
285,19002557,4868,04/01/2019,BUSINESS OPS,WAREHOUSE,1,2,48.0,EACH,3.26,156.48
286,24001998,3035,03/08/2024,BUSINESS OPS,WAREHOUSE,1,5,60.0,EACH,5.05,303.0
287,22004245,6555,05/25/2022,BUSINESS OPS,WAREHOUSE,1,3,36.0,EACH,2.39,86.04
288,22003458,5330,04/26/2022,BUSINESS OPS,WAREHOUSE,1,3,24.0,EACH,10.0,240.0
289,23001612,2665,02/24/2023,BUSINESS OPS,WAREHOUSE,1,2,168.0,CASE,4.5,756.0
290,19003628,6566,05/10/2019,BUSINESS OPS,WAREHOUSE,1,2,10.0,EACH,96.3,963.0
291,20001307,2492,02/24/2020,BUSINESS OPS,WAREHOUSE,1,3,6.0,PAIR,15.75,94.5
292,18009229,15869,10/17/2018,BUSINESS OPS,WAREHOUSE,1,1,6.0,EACH,45.49,272.94
293,18008880,15310,10/04/2018,BUSINESS OPS,WAREHOUSE,1,4,10.0,EACH,20.0,200.0
294,18000296,278,01/18/2018,BUSINESS OPS,WAREHOUSE,1,2,15.0,EACH,19.15,287.25
295,19007518,12856,10/23/2019,BUSINESS OPS,WAREHOUSE,1,1,1.0,EACH,271.78,271.78
296,20002468,4004,04/23/2020,BUSINESS OPS,WAREHOUSE,1,1,24.0,EACH,111.15,2667.6
297,23006902,10211,09/20/2023,BUSINESS OPS,WAREHOUSE,1,6,4.0,EACH,15.6,62.4
298,20001554,2947,03/06/2020,BUSINESS OPS,WAREHOUSE,1,3,10.0,EACH,1.62,16.22
299,23006902,10211,09/20/2023,BUSINESS OPS,WAREHOUSE,1,1,2.0,EACH,37.05,74.1
300,17000752,1619,10/26/2017,BUSINESS OPS,WAREHOUSE,1,1,20.0,EACH,6.77,135.4
301,20005849,10009,09/14/2020,BUSINESS OPS,WAREHOUSE,1,2,12.0,EACH,10.0,120.0
302,20002762,4972,05/11/2020,BUSINESS OPS,WAREHOUSE,1,1,27.0,EACH,179.88,4856.76
303,19005428,9650,07/25/2019,BUSINESS OPS,WAREHOUSE,1,6,4.0,EACH,21.88,87.52
304,18004613,8391,05/21/2018,BUSINESS OPS,WAREHOUSE,1,7,10.0,EACH,6.38,63.8
305,19008427,14326,12/09/2019,BUSINESS OPS,WAREHOUSE,1,3,336.0,CASE,1.75,588.0
306,24000319,604,01/17/2024,BUSINESS OPS,WAREHOUSE,1,1,8.0,EACH,133.24,1065.95
307,21006754,10154,08/10/2021,BUSINESS OPS,WAREHOUSE,1,1,1200.0,EACH,1.84,2208.0
308,21000247,448,01/12/2021,BUSINESS OPS,WAREHOUSE,1,14,12.0,EACH,44.88,538.56
309,23004811,7199,06/28/2023,BUSINESS OPS,WAREHOUSE,1,3,10.0,EACH,4.0,40.0
310,19000715,1677,01/29/2019,BUSINESS OPS,WAREHOUSE,1,3,50.0,EACH,21.61,1080.7
311,18009215,15847,10/17/2018,BUSINESS OPS,WAREHOUSE,1,1,96.0,EACH,4.99,479.4
312,20003572,6360,06/16/2020,BUSINESS OPS,WAREHOUSE,1,7,4.0,EACH,36.09,144.36
313,22000017,175,01/04/2022,BUSINESS OPS,WAREHOUSE,1,7,6.0,EACH,77.24,463.44
314,17000518,1190,10/18/2017,BUSINESS OPS,WAREHOUSE,1,3,6.0,EACH,15.75,94.5
315,22000795,1653,02/02/2022,BUSINESS OPS,WAREHOUSE,1,4,120.0,PAIR,3.94,472.8
316,20008368,13668,11/23/2020,BUSINESS OPS,WAREHOUSE,1,1,5.0,EACH,20.55,102.75
317,23003558,5384,05/09/2023,BUSINESS OPS,WAREHOUSE,1,2,20.0,EACH,1.92,38.4
318,24006954,9728,09/10/2024,BUSINESS OPS,WAREHOUSE,1,1,24.0,EACH,19.37,464.95
319,17000505,1112,10/18/2017,BUSINESS OPS,WAREHOUSE,1,5,90.0,EACH,6.09,548.37
320,21005404,8159,06/22/2021,BUSINESS OPS,WAREHOUSE,1,2,50.0,CASE,38.73,1936.5
321,21002445,3851,03/18/2021,BUSINESS OPS,WAREHOUSE,1,2,500.0,EACH,3.85,1925.0
322,22004942,7629,06/22/2022,BUSINESS OPS,WAREHOUSE,1,1,36.0,EACH,21.92,789.12
323,21007534,11217,09/10/2021,BUSINESS OPS,WAREHOUSE,1,9,20.0,EACH,9.59,191.8
324,18009645,16536,10/31/2018,BUSINESS OPS,WAREHOUSE,1,4,72.0,EACH,10.32,743.04
325,21006160,9280,07/20/2021,BUSINESS OPS,WAREHOUSE,1,1,696.0,EACH,7.15,4973.5
326,18004613,8391,05/21/2018,BUSINESS OPS,WAREHOUSE,1,9,10.0,EACH,2.09,20.9
327,22000539,1273,01/25/2022,BUSINESS OPS,WAREHOUSE,1,2,4.0,EACH,43.74,174.96
328,19002916,5456,04/12/2019,BUSINESS OPS,WAREHOUSE,1,2,2.0,EACH,21.51,43.02
329,19006347,11077,09/04/2019,BUSINESS OPS,WAREHOUSE,1,8,6.0,EACH,13.75,82.5
330,18005473,9795,06/15/2018,BUSINESS OPS,WAREHOUSE,1,2,6.0,EACH,22.68,136.08
331,20001769,3309,03/13/2020,BUSINESS OPS,WAREHOUSE,1,10,240.0,EACH,2.52,604.8
332,19003452,6294,05/06/2019,BUSINESS OPS,WAREHOUSE,1,3,30.0,EACH,0.47,14.11
333,17001481,3045,11/28/2017,BUSINESS OPS,WAREHOUSE,1,3,20.0,EACH,10.07,201.4
334,22000790,1658,02/02/2022,BUSINESS OPS,WAREHOUSE,1,2,192.0,PAIR,5.03,965.76
335,24003833,5517,05/14/2024,BUSINESS OPS,WAREHOUSE,1,5,6.0,EACH,16.65,99.9
336,22002032,3347,03/09/2022,BUSINESS OPS,WAREHOUSE,1,1,82.0,TON,60.31,4945.67
337,19007620,13076,10/28/2019,BUSINESS OPS,WAREHOUSE,1,9,18.0,EACH,5.25,94.5
338,23007232,10795,10/04/2023,BUSINESS OPS,WAREHOUSE,1,1,36.0,EACH,21.06,758.16
339,19002601,4990,04/02/2019,BUSINESS OPS,WAREHOUSE,1,3,24.0,EACH,12.22,293.28
340,22001236,2263,02/11/2022,BUSINESS OPS,WAREHOUSE,1,1,24.0,GALLON,44.75,1074.0
341,19003870,6994,05/22/2019,BUSINESS OPS,WAREHOUSE,1,5,4.0,EACH,21.83,87.3
342,18002300,4644,03/14/2018,BUSINESS OPS,WAREHOUSE,1,2,20.0,EACH,9.5,190.0
343,20007536,12455,10/28/2020,BUSINESS OPS,WAREHOUSE,1,3,160.0,CASE,8.99,1438.4
344,21007127,10652,08/23/2021,BUSINESS OPS,WAREHOUSE,1,1,30.0,EACH,16.66,499.8
345,20001450,2750,03/03/2020,BUSINESS OPS,WAREHOUSE,1,1,72.0,EACH,14.58,1050.0
346,23007604,11137,10/17/2023,BUSINESS OPS,WAREHOUSE,1,3,5.0,EACH,13.32,66.6
347,19005500,9780,07/30/2019,BUSINESS OPS,WAREHOUSE,1,1,28.0,EACH,161.82,4530.96
348,20001650,3117,03/10/2020,BUSINESS OPS,WAREHOUSE,1,1,120.0,BOX,21.61,2593.68
349,19003228,5874,04/26/2019,BUSINESS OPS,WAREHOUSE,1,5,6.0,EACH,26.4,158.4
350,23006902,10211,09/20/2023,BUSINESS OPS,WAREHOUSE,1,3,2.0,EACH,59.88,119.76
351,22001799,3102,03/02/2022,BUSINESS OPS,WAREHOUSE,1,2,24.0,QUART,22.24,533.76
352,22001173,2172,02/10/2022,BUSINESS OPS,WAREHOUSE,1,3,4.0,EACH,107.99,431.96
353,21001400,2354,02/12/2021,BUSINESS OPS,WAREHOUSE,1,1,14.0,EACH,23.0,322.0
354,20005849,10009,09/14/2020,BUSINESS OPS,WAREHOUSE,1,3,20.0,EACH,0.8,16.0
355,23006902,10211,09/20/2023,BUSINESS OPS,WAREHOUSE,1,9,4.0,EACH,90.26,361.04
356,18001524,3324,02/22/2018,BUSINESS OPS,WAREHOUSE,1,3,30.0,BUNDLE,12.5,375.0
357,18002834,5531,03/26/2018,BUSINESS OPS,WAREHOUSE,1,1,48.0,EACH,0.6,28.8
358,21005024,7593,06/10/2021,BUSINESS OPS,WAREHOUSE,1,4,6.0,PAIR,15.75,94.5
359,19007394,12631,10/16/2019,BUSINESS OPS,WAREHOUSE,1,8,6.0,EACH,45.49,272.94
360,19002578,4924,04/02/2019,BUSINESS OPS,WAREHOUSE,1,1,12.0,EACH,7.26,87.12
361,22001509,2678,02/21/2022,BUSINESS OPS,WAREHOUSE,1,2,5.0,EACH,168.0,840.0
362,20000843,1608,02/05/2020,BUSINESS OPS,WAREHOUSE,1,6,6.0,EACH,46.09,276.54
363,20004984,8760,08/13/2020,BUSINESS OPS,WAREHOUSE,1,1,480.0,EACH,5.05,2422.56
364,18002917,3227,03/28/2018,BUSINESS OPS,WAREHOUSE,1,3,100.0,CASE,38.9,3890.0
365,18004613,8391,05/21/2018,BUSINESS OPS,WAREHOUSE,1,14,1.0,EACH,92.8,92.8
366,19007768,12868,11/01/2019,BUSINESS OPS,WAREHOUSE,1,7,20.0,EACH,2.6,52.0
367,18001756,3777,02/28/2018,BUSINESS OPS,WAREHOUSE,1,2,80.0,EACH,19.14,1531.2
368,19003643,6584,05/13/2019,BUSINESS OPS,WAREHOUSE,1,4,1.0,EACH,19.45,19.45
369,23006798,10138,09/15/2023,BUSINESS OPS,WAREHOUSE,1,1,66.82,CUBIC YARD,68.4,4570.49
370,19003319,6069,05/01/2019,BUSINESS OPS,WAREHOUSE,1,2,70.0,EACH,12.7,889.0
371,22002124,3447,03/11/2022,BUSINESS OPS,WAREHOUSE,1,1,48.0,EACH,12.57,603.36
372,18004988,9065,06/01/2018,BUSINESS OPS,WAREHOUSE,1,7,6.0,EACH,12.2,73.2
373,19007797,13358,11/04/2019,BUSINESS OPS,WAREHOUSE,1,3,10.0,EACH,22.5,225.0
374,22004912,7543,06/21/2022,BUSINESS OPS,WAREHOUSE,1,4,20.0,EACH,5.59,111.8
375,22007346,11024,09/15/2022,BUSINESS OPS,WAREHOUSE,1,8,12.0,EACH,47.55,570.6
376,18001305,2935,02/19/2018,BUSINESS OPS,WAREHOUSE,1,3,48.0,EACH,2.99,143.52
377,20005247,9174,08/24/2020,BUSINESS OPS,WAREHOUSE,1,1,2.0,EACH,316.27,632.54
378,23006902,10211,09/20/2023,BUSINESS OPS,WAREHOUSE,1,4,18.0,EACH,13.98,251.64
379,21004730,7186,06/02/2021,BUSINESS OPS,WAREHOUSE,1,2,12.0,CASE,25.31,303.72
380,19006887,11847,09/23/2019,BUSINESS OPS,WAREHOUSE,1,1,4.0,EACH,359.0,1436.0
381,21002673,4165,03/24/2021,BUSINESS OPS,WAREHOUSE,1,1,6.0,EACH,315.0,1890.0
382,18005824,10322,06/26/2018,BUSINESS OPS,WAREHOUSE,1,6,1.0,EACH,26.94,26.94
383,19005104,9064,07/12/2019,BUSINESS OPS,WAREHOUSE,1,4,6.0,EACH,15.75,94.5
384,21000217,581,01/11/2021,BUSINESS OPS,WAREHOUSE,1,1,5.0,EACH,208.0,1040.0
385,19007689,13166,10/30/2019,BUSINESS OPS,WAREHOUSE,1,2,8.0,EACH,438.0,3504.0
386,18009645,16536,10/31/2018,BUSINESS OPS,WAREHOUSE,1,2,12.0,EACH,6.72,80.64
387,20005801,9979,09/11/2020,BUSINESS OPS,WAREHOUSE,1,2,8.0,EACH,31.94,255.52
388,18003225,2788,04/09/2018,BUSINESS OPS,WAREHOUSE,1,6,24.0,EACH,50.06,1201.44
389,18006482,11425,07/18/2018,BUSINESS OPS,WAREHOUSE,1,2,24.0,EACH,8.72,209.3
390,19007940,13126,11/10/2019,BUSINESS OPS,WAREHOUSE,1,1,303.62,TON,30.5,9260.41
391,19003363,6187,05/02/2019,BUSINESS OPS,WAREHOUSE,1,1,24.0,EACH,9.0,216.0
392,19006664,11547,09/16/2019,BUSINESS OPS,WAREHOUSE,1,1,109.0,YARD,45.75,4986.75
393,21003554,5450,04/21/2021,BUSINESS OPS,WAREHOUSE,1,12,4.0,EACH,20.53,82.12
394,21008380,12398,10/06/2021,BUSINESS OPS,WAREHOUSE,1,4,18.0,EACH,5.25,94.5
395,24003776,5446,05/13/2024,BUSINESS OPS,WAREHOUSE,1,2,120.0,EACH,11.69,1402.7
396,18009616,16491,10/30/2018,BUSINESS OPS,WAREHOUSE,1,4,4.0,EACH,11.4,45.6
397,22006733,10089,08/25/2022,BUSINESS OPS,WAREHOUSE,1,1,40.0,EACH,124.0,4960.0
398,21000041,86,01/05/2021,BUSINESS OPS,WAREHOUSE,1,1,6.0,EACH,17.99,107.94
399,18003945,7272,04/27/2018,BUSINESS OPS,WAREHOUSE,1,1,36.0,EACH,11.67,420.0
400,18002069,4112,03/07/2018,BUSINESS OPS,WAREHOUSE,1,1,10.0,EACH,169.84,1698.4
401,19006635,11524,09/16/2019,BUSINESS OPS,WAREHOUSE,1,2,24.0,EACH,21.0,504.0
402,22004104,6139,05/18/2022,BUSINESS OPS,WAREHOUSE,1,6,12.0,EACH,33.64,403.68
403,19002556,4884,04/01/2019,BUSINESS OPS,WAREHOUSE,1,2,120.0,EACH,4.02,482.4
404,23008385,12239,11/14/2023,BUSINESS OPS,WAREHOUSE,1,1,2.0,EACH,10.0,20.0
405,20000025,164,01/03/2020,BUSINESS OPS,WAREHOUSE,1,1,36.0,EACH,6.73,242.28
406,18006200,10921,07/10/2018,BUSINESS OPS,WAREHOUSE,1,3,10.0,EACH,12.0,120.0
407,18007396,12925,08/17/2018,BUSINESS OPS,WAREHOUSE,1,10,60.0,EACH,14.32,859.0
408,20002256,4163,04/06/2020,BUSINESS OPS,WAREHOUSE,1,1,96.0,EACH,6.73,646.08
409,22002803,4433,03/31/2022,BUSINESS OPS,WAREHOUSE,1,11,6.0,EACH,27.15,162.9
410,21001688,2786,02/25/2021,BUSINESS OPS,WAREHOUSE,1,1,630.0,GALLON,2.11,1326.15
411,22006023,9140,08/02/2022,BUSINESS OPS,WAREHOUSE,1,1,24.0,EACH,13.2,316.8
412,20001307,2492,02/24/2020,BUSINESS OPS,WAREHOUSE,1,5,6.0,PAIR,15.75,94.5
413,20006864,11498,10/09/2020,BUSINESS OPS,WAREHOUSE,1,1,1.0,EACH,81.96,81.96
414,20002897,5203,05/17/2020,BUSINESS OPS,WAREHOUSE,1,5,15.0,EACH,12.05,180.75
415,20005353,9315,08/28/2020,BUSINESS OPS,WAREHOUSE,1,7,4.0,EACH,54.5,218.0
416,22006023,9140,08/02/2022,BUSINESS OPS,WAREHOUSE,1,3,192.0,EACH,4.29,823.68
417,19001958,3960,03/12/2019,BUSINESS OPS,WAREHOUSE,1,7,3.0,EACH,51.08,153.24
418,22000729,1577,01/31/2022,BUSINESS OPS,WAREHOUSE,1,5,10.0,EACH,24.75,247.5
419,21004437,6785,05/21/2021,BUSINESS OPS,WAREHOUSE,1,2,5.0,EACH,90.0,450.0
420,20003371,6024,06/09/2020,BUSINESS OPS,WAREHOUSE,1,1,4.0,EACH,26.0,104.0
421,23002662,4156,04/03/2023,BUSINESS OPS,WAREHOUSE,1,1,5.0,EACH,125.0,625.0
422,21000726,1518,01/28/2021,BUSINESS OPS,WAREHOUSE,1,1,60.0,EACH,7.96,477.75
423,17000137,506,10/09/2017,BUSINESS OPS,WAREHOUSE,1,1,42.0,EACH,117.5,4935.0
424,22003630,5627,05/04/2022,BUSINESS OPS,WAREHOUSE,1,6,10.0,EACH,1.04,10.38
425,17000592,1311,10/20/2017,BUSINESS OPS,WAREHOUSE,1,1,24.0,EACH,156.0,3744.0
426,22008111,12124,10/12/2022,BUSINESS OPS,WAREHOUSE,1,6,120.0,EACH,4.24,508.8
427,21008437,12510,10/08/2021,BUSINESS OPS,WAREHOUSE,1,2,30.0,SACK,6.0,180.0
428,18009229,15869,10/17/2018,BUSINESS OPS,WAREHOUSE,1,5,12.0,EACH,69.89,838.68
429,20001737,3252,03/12/2020,BUSINESS OPS,WAREHOUSE,1,3,1.0,EACH,55.0,55.0
430,18008061,13959,09/06/2018,BUSINESS OPS,WAREHOUSE,1,4,14.0,EACH,4.4,61.6
431,21003755,5769,04/27/2021,BUSINESS OPS,WAREHOUSE,1,3,12.0,EACH,9.59,115.08
432,21001854,3091,03/03/2021,BUSINESS OPS,WAREHOUSE,1,1,53.0,TON,46.64,2471.92
433,18003720,6847,04/23/2018,BUSINESS OPS,WAREHOUSE,1,5,6.0,EACH,83.76,502.56
434,22006512,9831,08/18/2022,BUSINESS OPS,WAREHOUSE,1,4,4.0,EACH,111.83,447.3
435,19004861,8619,07/01/2019,BUSINESS OPS,WAREHOUSE,1,1,6.0,EACH,128.55,771.3
436,20003477,6291,06/12/2020,BUSINESS OPS,WAREHOUSE,1,1,23.0,EACH,11.0,253.1
437,20000852,1739,02/05/2020,BUSINESS OPS,WAREHOUSE,1,1,6.0,EACH,35.6,213.6
438,18005824,10322,06/26/2018,BUSINESS OPS,WAREHOUSE,1,1,12.0,EACH,1.3,15.6
439,18002641,5252,03/21/2018,BUSINESS OPS,WAREHOUSE,1,3,20.0,EACH,1.37,27.4
440,18003250,6205,04/10/2018,BUSINESS OPS,WAREHOUSE,1,3,120.0,EACH,3.17,380.4
441,22007039,10678,09/08/2022,BUSINESS OPS,WAREHOUSE,1,4,60.0,EACH,8.7,522.0
442,20008216,13473,11/18/2020,BUSINESS OPS,WAREHOUSE,1,1,80.0,GALLON,27.47,2197.8
443,22006029,9150,08/02/2022,BUSINESS OPS,WAREHOUSE,1,9,48.0,EACH,5.96,286.08
444,21003976,6069,05/04/2021,BUSINESS OPS,WAREHOUSE,1,3,12.0,EACH,0.47,5.64
445,21004945,7539,06/09/2021,BUSINESS OPS,WAREHOUSE,1,5,10.0,EACH,5.65,56.5
446,22000158,445,01/11/2022,BUSINESS OPS,WAREHOUSE,1,1,10.0,EACH,119.0,1190.0
447,19000910,2073,02/04/2019,BUSINESS OPS,WAREHOUSE,1,3,40.0,EACH,0.47,18.81
448,18005800,10305,06/26/2018,BUSINESS OPS,WAREHOUSE,1,2,24.0,EACH,11.06,265.5
449,23004672,7017,06/22/2023,BUSINESS OPS,WAREHOUSE,1,2,4.0,EACH,67.24,268.96
450,18007770,13500,08/28/2018,BUSINESS OPS,WAREHOUSE,1,2,10.0,EACH,55.0,550.0
451,18007773,13528,08/28/2018,BUSINESS OPS,WAREHOUSE,1,1,240.0,EACH,19.14,4593.6
452,18007390,12931,08/17/2018,BUSINESS OPS,WAREHOUSE,1,1,60.0,EACH,21.61,1296.84
453,19006376,11134,09/05/2019,BUSINESS OPS,WAREHOUSE,1,1,1.0,EACH,99.0,99.0
454,20002081,3850,03/25/2020,BUSINESS OPS,WAREHOUSE,1,7,6.0,EACH,35.89,215.34
455,18006842,12038,07/30/2018,BUSINESS OPS,WAREHOUSE,1,1,6.0,EACH,149.86,899.16
456,21006852,10252,08/11/2021,BUSINESS OPS,WAREHOUSE,1,3,40.0,EACH,10.61,424.5
457,19002655,5025,04/04/2019,BUSINESS OPS,WAREHOUSE,1,6,12.0,EACH,0.79,9.48
458,21004427,6747,05/21/2021,BUSINESS OPS,WAREHOUSE,1,7,6.0,EACH,77.89,467.34
459,21007315,10958,08/27/2021,BUSINESS OPS,WAREHOUSE,1,1,400.0,CUBIC YARD,11.0,4400.0
460,17000053,308,10/05/2017,BUSINESS OPS,WAREHOUSE,1,1,100.97,TON,43.64,4406.33
461,18007157,12470,08/08/2018,BUSINESS OPS,WAREHOUSE,1,4,1.0,EACH,169.89,169.89
462,19001011,2362,02/07/2019,BUSINESS OPS,WAREHOUSE,1,3,20.0,CASE,56.37,1127.4
463,22007177,10816,09/12/2022,BUSINESS OPS,WAREHOUSE,1,1,20.0,EACH,69.15,1383.0
464,21001801,2989,03/02/2021,BUSINESS OPS,WAREHOUSE,1,1,72.0,EACH,45.0,3240.0
465,23007604,11137,10/17/2023,BUSINESS OPS,WAREHOUSE,1,7,12.0,EACH,9.64,115.68
466,19002799,5223,04/09/2019,BUSINESS OPS,WAREHOUSE,1,2,1000.0,EACH,2.18,2180.0
467,17000238,141,10/12/2017,BUSINESS OPS,WAREHOUSE,1,1,250.0,EACH,26.94,6735.0
468,19000215,621,01/09/2019,BUSINESS OPS,WAREHOUSE,1,1,48.0,EACH,11.06,531.0
469,19006645,11466,09/16/2019,BUSINESS OPS,WAREHOUSE,1,1,6.0,EACH,97.0,582.0
470,18001992,4051,03/05/2018,BUSINESS OPS,WAREHOUSE,1,7,12.0,EACH,24.46,293.52
471,21005388,8110,06/22/2021,BUSINESS OPS,WAREHOUSE,1,2,6.0,EACH,29.35,176.1
472,22004702,7244,06/13/2022,BUSINESS OPS,WAREHOUSE,1,1,1200.0,FEET,0.36,432.0
473,20004447,7821,07/21/2020,BUSINESS OPS,WAREHOUSE,1,1,588.0,SACK,3.7,2175.6
474,22000539,1273,01/25/2022,BUSINESS OPS,WAREHOUSE,1,3,36.0,EACH,3.03,109.08
475,18000744,1465,01/30/2018,BUSINESS OPS,WAREHOUSE,1,2,12.0,EACH,21.58,259.0
476,22003947,6110,05/13/2022,BUSINESS OPS,WAREHOUSE,1,8,48.0,EACH,3.95,189.6
477,17000253,747,10/12/2017,BUSINESS OPS,WAREHOUSE,1,1,174.0,EACH,4.88,849.12
478,21010146,15017,12/08/2021,BUSINESS OPS,WAREHOUSE,1,1,98.0,TON,50.64,4962.72
479,20004030,7076,07/02/2020,BUSINESS OPS,WAREHOUSE,1,1,4.0,EACH,33.43,133.72
480,18007888,13597,08/30/2018,BUSINESS OPS,WAREHOUSE,1,2,12.0,EACH,9.21,110.52
481,19005122,9096,07/14/2019,BUSINESS OPS,WAREHOUSE,1,3,72.0,CASE,21.95,1580.4
482,20009080,14725,12/22/2020,BUSINESS OPS,WAREHOUSE,1,2,240.0,PAIR,4.02,964.8
483,18008184,14176,09/11/2018,BUSINESS OPS,WAREHOUSE,1,4,6.0,EACH,72.69,436.14
484,23006902,10211,09/20/2023,BUSINESS OPS,WAREHOUSE,1,7,6.0,EACH,15.38,92.28
485,19004213,7565,06/07/2019,BUSINESS OPS,WAREHOUSE,1,1,105.0,TON,46.64,4897.2
486,19005752,10131,08/08/2019,BUSINESS OPS,WAREHOUSE,1,2,60.0,EACH,5.04,302.5
487,19006241,10921,08/28/2019,BUSINESS OPS,WAREHOUSE,1,1,174.0,EACH,6.15,1070.1
488,17000851,1812,10/30/2017,BUSINESS OPS,WAREHOUSE,1,1,6.0,EACH,17.8,106.8
489,18003225,2788,04/09/2018,BUSINESS OPS,WAREHOUSE,1,4,48.0,EACH,93.17,4472.16
490,19006252,10940,08/29/2019,BUSINESS OPS,WAREHOUSE,1,2,16.0,EACH,22.0,352.0
491,20008546,13984,12/01/2020,BUSINESS OPS,WAREHOUSE,1,1,12.0,EACH,15.01,180.12
492,20003860,6829,06/25/2020,BUSINESS OPS,WAREHOUSE,1,1,72.0,EACH,14.46,1041.0
493,20001071,2065,02/13/2020,BUSINESS OPS,WAREHOUSE,1,4,6.0,EACH,20.53,123.18
494,18006012,10600,07/03/2018,BUSINESS OPS,WAREHOUSE,1,10,6.0,EACH,12.63,75.78
495,23001670,2706,02/27/2023,BUSINESS OPS,WAREHOUSE,1,1,75.0,EACH,12.0,900.0
496,20004161,7219,07/08/2020,BUSINESS OPS,WAREHOUSE,1,6,6.0,EACH,42.25,253.5
497,22002632,4206,03/25/2022,BUSINESS OPS,WAREHOUSE,1,1,4.0,EACH,175.0,700.0
498,22004586,7051,06/07/2022,BUSINESS OPS,WAREHOUSE,1,6,48.0,EACH,3.03,145.44
499,18005177,9296,06/06/2018,BUSINESS OPS,WAREHOUSE,1,2,36.0,EACH,14.58,525.0
